cluster_rank,sheet_count,signature,example_1,example_all
1,67,컨텐츠|컨텐츠no|공급자코드|cp명|작가명|출판사|나이제한|서비스일|대여권|소장권|쿠키로대여|쿠키로구매|i쿠키로대여|i쿠키로구매|자동충전쿠키로대여|자동충전쿠키로구매|구글쿠키로대여|구글쿠키로구매|구글외부쿠키로대여|구글외부쿠키로구매|원스토어쿠키로대여|원스토어쿠키로구매|리딤쿠키로대여|리딤쿠키로구매|유상이용권보정|마켓수수료추정치|합계,네이버\1월\2026년 1월 네이버 연재 정산상세.xlsx::contentsSelling_2026-02-04,네이버\1월\2026년 1월 네이버 연재 정산상세.xlsx::contentsSelling_2026-02-04 || 네이버\1월\2026년 1월 네이버 장르 정산상세.xlsx::contentsSelling_2026-02-04 || 네이버\1월\선투자\2026년 1월 네이버 김악개 정산상세.xlsx::contentsSelling_2026-02-04 || 네이버\1월\선투자\2026년 1월 네이버 북홀릭 정산상세.xlsx::contentsSelling_2026-02-04 || 네이버\1월\선투자\2026년 1월 네이버 선투자 정산상세(통합).xlsx::contentsSelling_2026-02-04
2,16,작품명|작품코드|작가명|단가|판매건수|비율|정산금액|정산일,조아라\1월\로맨스\2026년 1월 조아라 로맨스 정산상세.xlsx::작품별 정산리스트_2026-1,조아라\1월\로맨스\2026년 1월 조아라 로맨스 정산상세.xlsx::작품별 정산리스트_2026-1 || 조아라\1월\판무\2026년 1월 조아라 판무 정산상세.xlsx::작품별 정산리스트_2026-1 || 조아라\25년\10월\로맨스\2025년 10월 조아라 로맨스 정산상세.xlsx::작품별 정산리스트_2025-10 || 조아라\25년\10월\판무\2025년 10월 조아라 판무 정산상세.xlsx::작품별 정산리스트_2025-10 || 조아라\25년\11월\로맨스\2025년 11월 조아라 로맨스 정산상세.xlsx::작품별 정산리스트_2025-11
3,15,no|구분|작가|장르|타이틀|사용코인|취소코인|합계|공제수수료|정산총액,무툰\1월\2026년 1월 무툰 정산상세.xlsx::Sheet,무툰\1월\2026년 1월 무툰 정산상세.xlsx::Sheet || 무툰\25년\10월\2025년 10월 무툰 정산상세.xlsx::Sheet || 무툰\25년\11월\2025년 11월 무툰 정산상세.xlsx::Sheet || 무툰\25년\9월\2025년 9월 무툰 정산상세.xlsx::Sheet || 무툰\2월\2026년 2월 무툰 정산상세.xlsx::Sheet
4,14,작품명|작가명|판매건수|비율|정산금액|정산일,조아라\1월\로맨스\2026년 1월 조아라 로맨스 단행본 정산상세.xlsx::작품별 정산리스트_2026-1,조아라\1월\로맨스\2026년 1월 조아라 로맨스 단행본 정산상세.xlsx::작품별 정산리스트_2026-1 || 조아라\1월\판무\2026년 1월 조아라 판무 단행본 정산상세.xlsx::작품별 정산리스트_2026-1 (1) || 조아라\25년\10월\로맨스\2025년 10월 조아라 로맨스 단행본 정산상세.xlsx::작품별 정산리스트_2025-10 || 조아라\25년\10월\판무\2025년 10월 조아라 판무 단행본 정산상세.xlsx::작품별 정산리스트_2025-10 || 조아라\25년\11월\로맨스\2025년 11월 조아라 로맨스 단행본 정산상세.xlsx::작품별 정산리스트_2025-11
5,9,특별일반|사업자명|사업자번호|발행자명|계약유형|당월신규계약여부|계약uid|계약명|과면세|콘텐츠유형|시리즈id|시리즈명|판매시작일|판매종료일|제품코드발행자가부여하는코드|레이블|작가명|isbn유무|이용권종류|android캐시|web캐시|ios캐시|event캐시|유상캐시캐시|무상캐시캐시|총합계캐시|android원화|web원화|ios원화|event원화|유상캐시원화|무상캐시원화|총합계원화|android순매출|web순매출|ios순매출|event순매출|유상캐시순매출|무상캐시순매출|총합계순매출|android정산율%|web정산율%|ios정산율%|event정산율%|공급가액|세액|공급대가,카카오\10월\2025년 10월 카카오(일반) 정산상세.xlsx::정산리포트_카카오페이지_2025-10,카카오\10월\2025년 10월 카카오(일반) 정산상세.xlsx::정산리포트_카카오페이지_2025-10 || 카카오\11월\2025년 11월 카카오 정산상세.xlsx::정산리포트_카카오페이지_2025-11 || 카카오\11월\2025년 카카오 미발행건 정산상세.xlsx::정산리포트_카카오페이지_2025-08 || 카카오\9월\2025년 9월 카카오 정산상세.xlsx::정산리포트_카카오페이지_2025-09 || 카카오\선투자\10월\2025년 10월 카카오(선투자) 정산상세.xlsx::정산리포트_카카오페이지_2025-10
6,8,날짜|컨텐츠유형|판매방식|작품코드|연재단행|상품명|작가명|출판사|판매건|판매금액|취소건|취소금액|판매합계|정산금액,노벨피아\1월\2026년 1월 노벨피아 정산상세.xlsx::일별 정산,노벨피아\1월\2026년 1월 노벨피아 정산상세.xlsx::일별 정산 || 노벨피아\25년\10월\2025년 10월 노벨피아 정산상세.xlsx::일별 정산 || 노벨피아\25년\11월\2025년 11월 노벨피아 정산상세.xlsx::일별 정산 || 노벨피아\25년\12월\2025년 12월 노벨피아 정산상세.xlsx::일별 정산 || 노벨피아\25년\9월\2025년 9월 노벨피아 정산상세.xlsx::일별 정산
7,8,cp|번호|날짜|구분|작가|계정|작품코드|작품|구매|구매취소|대여|대여취소|총매출|ios매출|google매출|정산,문피아\1월\2026년 1월 문피아 정산상세.xlsx::다우인큐브,문피아\1월\2026년 1월 문피아 정산상세.xlsx::다우인큐브 || 문피아\25년\10월\2025년 10월 문피아 정산상세.xlsx::다우인큐브 || 문피아\25년\11월\2025년 11월 문피아 정산상세.xlsx::다우인큐브 || 문피아\25년\12월\2025년 12월 문피아 정산상세.xlsx::다우인큐브 || 문피아\25년\9월\2025년 9월 문피아 정산상세.xlsx::다우인큐브
8,8,판매월|정산월|작품명|구분|등록유형|작품no|작가명|판매액|수수료결제대행수수료+블라이스운영수수료|정산금액,블라이스\1월\2026년 1월 블라이스 정산상세.xlsx::CP정산20260204_033510,블라이스\1월\2026년 1월 블라이스 정산상세.xlsx::CP정산20260204_033510 || 블라이스\25년\10월\2025년 10월 블라이스 정산상세.xlsx::CP정산20251103_110647 || 블라이스\25년\11월\2025년 11월 블라이스 정산상세.xlsx::CP정산20251202_110152 || 블라이스\25년\12월\2025년 12월 블라이스 정산상세.xlsx::CP정산20260108_032753 || 블라이스\25년\9월\2025년 9월 블라이스 정산상세.xlsx::CP정산20251014_054458
9,8,정산자|판매구분|제목|저자|출판사|수량|판매금액|수수료|정산액,에피루스\1월\2026년 1월 에피루스 정산상세.xlsx::2026년01월정산내역_키다리스튜디오,에피루스\1월\2026년 1월 에피루스 정산상세.xlsx::2026년01월정산내역_키다리스튜디오 || 에피루스\25년\10월\2025년 10월 에피루스 정산상세.xlsx::2025년10월정산내역_키다리스튜디오 || 에피루스\25년\11월\2025년 11월 에피루스 정산상세.xlsx::2025년11월정산내역_키다리스튜디오 || 에피루스\25년\12월\2025년 12월 에피루스 정산상세.xlsx::2025년12월정산내역_키다리스튜디오 || 에피루스\25년\8월\2025년 8월 에피루스 정산상세.xlsx::2025년08월정산내역_키다리스튜디오
10,8,no|시리즈코드|각권코드|대분류|중분류|작품제목|회차제목|저자|cp|출판사|웹판매건수|앱판매건수|판매금액|웹판매건수|앱판매건수|판매금액|이용건수|이용건수|판매금액|포인트사용|판매금액,판무림\1월\2026년 1월 판무림 정산상세.xlsx::세부내역,판무림\1월\2026년 1월 판무림 정산상세.xlsx::세부내역 || 판무림\25년\10월\2025년 10월 판무림 정산상세.xlsx::세부내역 || 판무림\25년\11월\2025년 11월 판무림 정산상세.xlsx::세부내역 || 판무림\25년\12월\2025년 12월 판무림 정산상세.xlsx::세부내역 || 판무림\25년\9월\2025년 9월 판무림 정산상세.xlsx::세부내역
11,8,시간매출|건당매출|총매출액|배분률|정산금액,한아름\1월\2025년 1월 한아름 정산상세.xlsx::Sheet1,한아름\1월\2025년 1월 한아름 정산상세.xlsx::Sheet1 || 한아름\25년\10월\2025년 10월 한아름 정산상세.xlsx::Sheet1 || 한아름\25년\11월\2025년 11월 한아름 정산상세.xlsx::Sheet1 || 한아름\25년\12월\2025년 12월 한아름 정산상세.xlsx::정산내역서 || 한아름\25년\9월\2025년 9월 한아름 정산상세.xlsx::Sheet1
12,7,서점명|판매건수|매출|b2bc정산율|정산총액,스토린랩\1월\2026년 1월 스토린랩 정산상세.xlsx::정리,스토린랩\1월\2026년 1월 스토린랩 정산상세.xlsx::정리 || 스토린랩\25년\10월\2025년 10월 스토린랩 정산상세.xlsx::정리 || 스토린랩\25년\11월\2025년 11월 스토린랩 정산상세.xlsx::정리 || 스토린랩\25년\12월\2025년 12월 스토린랩 정산상세.xlsx::정리 || 스토린랩\25년\8월\2025년 8월 스토린랩 정산상세.xlsx::정리
13,7,파트너명|파트너id|사업자구분|구매요청poc|채널상품id|채널상품명|상품명|회차|상품id|2차정산여부|카테고리|출판사|글작가|그림작가|타입|판매건수|취소건수|정액제정산대상액|판매|취소|합계|결제수단|원화환산|앱마켓수수료|서비스이용료|정산지급액|정산유형,원스토어\1월\2026년 1월 원스토어 정산상세.xlsx::multimedia,원스토어\1월\2026년 1월 원스토어 정산상세.xlsx::multimedia || 원스토어\25년\10월\2025년 10월 원스토어 정산상세.xlsx::multimedia || 원스토어\25년\11월\2025년 11월 원스토어 정산상세.xlsx::multimedia || 원스토어\25년\12월\2025년 12월 원스토어 정산상세.xlsx::multimedia || 원스토어\25년\9월\2025년 9월 원스토어 정산상세.xlsx::multimedia
14,7,공급사|작품유형|작품번호|작품명|레이블|작가|사용코인|콘텐츠매출금액|결제수수료|정산대상금액|콘텐츠정산금액면세|콘텐츠정산금액과세|콘텐츠정산금액,토스(구루컴퍼니)\1월\2026년 1월 토스 정산상세.xlsx::정산_공급사_202601,토스(구루컴퍼니)\1월\2026년 1월 토스 정산상세.xlsx::정산_공급사_202601 || 토스(구루컴퍼니)\25년\10월\2025년 10월 토스 정산상세.xlsx::정산_공급사_202510 || 토스(구루컴퍼니)\25년\11월\2025년 11월 토스 정산상세.xlsx::정산_공급사_202511 || 토스(구루컴퍼니)\25년\12월\2025년 12월 토스 정산상세.xlsx::정산_공급사_202512 || 토스(구루컴퍼니)\25년\9월\2025년 9월 토스 정산상세.xlsx::정산_공급사_202509
15,7,작품명|작가명|출판사|prodsq|정산일|정산주기|정산상태|조회수구매|판매금액구매|정산금액구매|조회수대여|판매금액대여|정산금액대여|조회수|판매금액|정산금액,하이북\1월\2026년 1월 하이북 정산상세.xlsx::정산리스트,하이북\1월\2026년 1월 하이북 정산상세.xlsx::정산리스트 || 하이북\25년\10월\2025년 10월 하이북 정산상세.xlsx::정산리스트 || 하이북\25년\11월\2025년 11월 하이북 정산상세.xlsx::정산리스트 || 하이북\25년\12월\2025년 12월 하이북 정산상세.xlsx::정산리스트 || 하이북\2월\2026년 2월 하이북 정산상세.xlsx::정산리스트
16,6,작품id|작품명|필자명|정산비율|판매원|정산원|코인타입,스낵북\1월\2026년 1월 스낵북 정산상세.xlsx::settle_list_202601_C262666768_2,스낵북\1월\2026년 1월 스낵북 정산상세.xlsx::settle_list_202601_C262666768_2 || 스낵북\25년\10월\2025년 10월 스낵북 정산상세.xlsx::settle_list_202510_C262666768_2 || 스낵북\25년\11월\2025년 11월 스낵북 정산상세.xlsx::settle_list_202511_C262666768_2 || 스낵북\25년\12월\2025년 12월 스낵북 정산상세.xlsx::settle_list_202512_C262666768_2 || 스낵북\2월\2026년 2월 스낵북 정산상세.xlsx::settle_list_202602_C262666768_2
17,6,판매처|판매월|번호|상품명|키다리코드|글작가|출판사|정산처|공급유형|분류|파트너명|파트너id|사업자구분|구매요청poc|채널상품id|채널상품명|회차|상품id|코드|2차정산여부|카테고리|그림작가|타입|판매건수|취소건수|정액제정산대상액|판매건수|판매금액|취소건수|취소금액|합계|고객결제|고객결제현금영수증|ios|aos|쿠폰시다무포인트등|고객결제|고객결제현금영수증|ios|aos|쿠폰시다무포인트등|ios|aos|고객결제서비스이용료|쿠폰시다무포인트등|차감|정산유형|건수|판매총액|입금액|정산율|정산액,스토린랩\1월\2026년 1월 스토린랩 정산상세.xlsx::원스,스토린랩\1월\2026년 1월 스토린랩 정산상세.xlsx::원스 || 스토린랩\25년\11월\2025년 11월 스토린랩 정산상세.xlsx::원스 || 스토린랩\25년\12월\2025년 12월 스토린랩 정산상세.xlsx::원스 || 스토린랩\25년\8월\2025년 8월 스토린랩 정산상세.xlsx::원스 || 스토린랩\25년\9월\2025년 9월 스토린랩 정산상세.xlsx::원스
18,5,판매처|시리즈id|도서id|제목|권화수|저자|역자|그림|출판사|시리즈명|전자책정가|단권판매액|단권판매권|단권무료권|대여액|대여유료권~202004대여권|대여무료권|자유다운금액|자유다운권|세트판매액|세트판매권|세트대여액|세트대여권|취소단권판매액|취소단권판매권|취소대여액|취소대여권|취소자유다운액|취소자유다운권|취소세트판매액|취소세트판매권|취소세트대여액|취소세트대여권|판매액|판매권|취소액|취소권|일반판매액|일반취소액|앱마켓정산대상액|앱마켓수수료|앱마켓취소액|ios정산대상액|ios수수료|ios취소액|android정산대상액|android수수료|android취소액|onestore정산대상액|onestore수수료|onestore취소액|정산액|종이책isbn10|종이책isbn13|전자책isbn10|전자책isbn13|cp관리id|카테고리1|카테고리2,리디북스\10월\2025년 10월 리디북스 정산상세.xlsx::calculate_1,리디북스\10월\2025년 10월 리디북스 정산상세.xlsx::calculate_1 || 리디북스\11월\2025년 11월 리디북스 정산상세.xlsx::calculate_1 || 리디북스\234\2025년 12월 리디 정산상세.xlsx::calculate_1 || 리디북스\8월\25년 8월 리디북스 정산상세.xlsx::25년 8월 리디북스 정산상세 || 리디북스\9월\2025년 9월 리디북스 정산상세.xlsx::calculate_1
19,5,작품명|출판사|제공사|작가명|유형|정산기간|매출구분|총매출액|순매출액|정산액,모픽\1월\2026년 1월 모픽 정산상세.xlsx::작품별정산,모픽\1월\2026년 1월 모픽 정산상세.xlsx::작품별정산 || 모픽\25년\11월\2025년 11월 모픽 정산상세.xlsx::작품별정산 || 모픽\25년\12월\2025년 12월 모픽 정산상세.xlsx::작품별정산 || 모픽\3월\2026년 3월 모픽 정산상세.xlsx::작품별정산 || 모픽\4월\2026년 4월 모픽 정산상세.xlsx::작품별정산
20,5,타이틀|작품번호|작가명|날짜|종류|전체판매건수|판매코인|수익률|전체매출원|결제수수료원|지급액원미소설|지급액원asp|총지급액원,미소설\1월\2026년 1월 미소설 정산상세.xlsx::cpexcel20260202130320,미소설\1월\2026년 1월 미소설 정산상세.xlsx::cpexcel20260202130320 || 미소설\2월\2026년 2월 미소설 정산상세_확장체크.xlsx::cpexcel20260303100057 || 미소설\2월\2026년 2월 미소설 정산상세.xlsx::cpexcel20260303100057 || 미소설\3월\2026년 3월 미소설 정산상세.xlsx::cpexcel20260401093554 || 미소설\4월\2026년 4월 미소설 정산상세.xlsx::cpexcel20260504104935
21,5,작품명|작가명|금액|비율|정산금액|정산일,조아라\1월\로맨스\2026년 1월 조아라 로맨스 후원쿠폰 정산상세.xlsx::후원쿠폰-작품별 정산_2026-1,조아라\1월\로맨스\2026년 1월 조아라 로맨스 후원쿠폰 정산상세.xlsx::후원쿠폰-작품별 정산_2026-1 || 조아라\1월\판무\2026년 1월 조아라 판무 후원쿠폰 정산상세.xlsx::후원쿠폰-작품별 정산_2026-1 || 조아라\25년\10월\판무\2025년 10월 조아라 판무 후원쿠폰 정산상세.xlsx::후원쿠폰-작품별 정산_2025-10 || 조아라\25년\12월\판무\2025년 12월 조아라 판무 후원쿠폰 정산상세.xlsx::후원쿠폰-작품별 정산_2025-12 || 조아라\2월\판무\2026년 2월 조아라 판무 후원쿠폰 정산상세.xlsx::후원쿠폰-작품별 정산_2026-2
22,4,컨텐츠|컨텐츠no|공급자코드|cp명|작가명|출판사|나이제한|서비스일|대여권|소장권|쿠키로대여|쿠키로구매|i쿠키로대여|i쿠키로구매|자동충전쿠키로대여|자동충전쿠키로구매|구글쿠키로대여|구글쿠키로구매|구글외부쿠키로대여|구글외부쿠키로구매|원스토어쿠키로대여|원스토어쿠키로구매|리딤쿠키로대여|리딤쿠키로구매|유상이용권보정|마켓수수료추정치|합계|정산금액,네이버\25년\10월\선투자\2025년 10월 네이버 선투자 정산상세(통합).xlsx::contentsSelling_2025-11-04,네이버\25년\10월\선투자\2025년 10월 네이버 선투자 정산상세(통합).xlsx::contentsSelling_2025-11-04 || 네이버\25년\11월\선투자\2025년 11월 네이버 선투자 정산상세(통합).xlsx::contentsSelling_2025-12-03 || 네이버\25년\12월\선투자\2025년 12월 네이버 선투자 정산상세(통합).xlsx::contentsSelling_2026-01-06 || 네이버\25년\9월\선투자\2025년 9월 네이버 선투자 정산상세(통합).xlsx::contentsSelling_2025-10-10
23,4,타이틀|날짜|종류|전체판매건수|판매코인|수익률|전체매출원|결제수수료원|지급액원미소설|지급액원asp|총지급액원,미소설\25년\10월\2025년 10월 미소설 정산상세.xlsx::cpexcel20251103090930,미소설\25년\10월\2025년 10월 미소설 정산상세.xlsx::cpexcel20251103090930 || 미소설\25년\11월\2025년 11월 미소설 정산상세.xlsx::cpexcel20251201091341 || 미소설\25년\12월\2025년 12월 미소설 정산상세.xlsx::cpexcel20260102093612 || 미소설\25년\9월\2025년 9월 미소설 정산상세.xlsx::2025년 8월 에피루스 정산상세
24,4,기간|제공사|계정id|콘텐츠|출판사|작품코드|작품명|작가명|정액|종량|합계정액+종량,미스터블루\10월\2025년 10월 미스터블루 정산상세_프모비교.xlsx::작품별,미스터블루\10월\2025년 10월 미스터블루 정산상세_프모비교.xlsx::작품별 || 미스터블루\10월\2025년 10월 미스터블루 정산상세.xlsx::작품별 || 미스터블루\11월\2025년 11월 미스터블루 정산상세.xlsx::작품별 || 미스터블루\9월\2025년 9월 미스터블루 정산상세.xlsx::작품별
25,4,기간|제공사|계정id|콘텐츠|출판사|작품코드|작품명|작가명|볼륨no|볼륨명|가격|판매단위|전권할인|판매형태|블루머니|a앱머니|i앱머니|소계,미스터블루\10월\2025년 10월 미스터블루 정산상세_프모비교.xlsx::볼륨별,미스터블루\10월\2025년 10월 미스터블루 정산상세_프모비교.xlsx::볼륨별 || 미스터블루\10월\2025년 10월 미스터블루 정산상세.xlsx::볼륨별 || 미스터블루\11월\2025년 11월 미스터블루 정산상세.xlsx::볼륨별 || 미스터블루\9월\2025년 9월 미스터블루 정산상세.xlsx::볼륨별
26,3,순번|필명|아이디|작품명|판매수|매출|배분율|수익금|비고,북팔\10월\2025년 10월 북팔 정산상세.xlsx::마켓,북팔\10월\2025년 10월 북팔 정산상세.xlsx::마켓 || 북팔\11월\2025년 11월 북팔 핫딜수익금 정산상세.xlsx::마켓 || 북팔\9월\2025년 9월 북팔 정산상세.xlsx::마켓
27,3,매출기간월|작품명|정산수수료율%|코인사용수량개|총매출액원|앱스토어수수료원|올웨이즈수수료원|순매출|정산대상금액수수료제,올툰\10월\2025년 10월 올툰 정산상세.xlsx::시트1,올툰\10월\2025년 10월 올툰 정산상세.xlsx::시트1 || 올툰\11월\2025년 11월 올툰 정산상세.xlsx::시트1 || 올툰\9월\2025년 9월 올툰 정산상세.xlsx::시트1
28,3,번호|판매년월|제목|작가|출판사|플랫폼|판매형태|정가|판매가|판매수|매출액|정산액|계약비율|피우리상품번호|cp관리번호,피우리(누온)\10월\2025년 10월 누온(피우리) 정산상세.xlsx::Worksheet,피우리(누온)\10월\2025년 10월 누온(피우리) 정산상세.xlsx::Worksheet || 피우리(누온)\11월\2025년 11월 누온(피우리) 정산상세.xlsx::Worksheet || 피우리(누온)\9월\2025년 9월 피우리 정산상세.xlsx::Worksheet
29,2,번호|카테고리|제목|저자명|출간일|판매가|구매비|출판사명|서비스연령|선정여부|비고,보인&국립장애인도서관\2026년 3월 국립장애인도서관 정산상세.xlsx::목록선정_1차 구매,보인&국립장애인도서관\2026년 3월 국립장애인도서관 정산상세.xlsx::목록선정_1차 구매 || 보인&국립장애인도서관\2026년 3월 국립장애인도서관 정산상세.xlsx::목록선정_0313
30,2,판매처|판매월|번호|이용상품명|키다리코드|글작가|출판사|정산처|공급유형|분류|매출사업자|판매사업자|정액권상품id|정액권상품명|실결제금액|정액권총매출액|업체별정산지급액|판매자id|판매자명|상호명|그림작가|채널상품id|채널상품명|도서바코드|bp관리id|이용상품id|코드|회차|상품정가|기준가|다운건수|매출지분|전체이용금액|상품별정산금액|카테고리|타입|건수|판매총액|입금액|정산율|정산액,스토린랩\25년\11월\2025년 11월 스토린랩 정산상세.xlsx::원스(북패스),스토린랩\25년\11월\2025년 11월 스토린랩 정산상세.xlsx::원스(북패스) || 스토린랩\25년\12월\2025년 12월 스토린랩 정산상세.xlsx::원스(북패스)
